,Dates,activityType,distance(m),confidence,probability,name,address,placeConfidence,locationConfidence,Day of week,Temp(F)
0,2020-10-01,WALKING,1357.0,HIGH,88.27900886535645,Gonzaga University,"502 E Boone Ave
Spokane, WA 99258
USA",MEDIUM_CONFIDENCE,74.582664,Thursday,73.03999999999998
1,2020-10-01,WALKING,1357.0,HIGH,88.27900886535645,Kennedy Apartments,"121 E Boone Ave
Spokane, WA 99202
USA",MEDIUM_CONFIDENCE,43.154545,Thursday,73.03999999999998
2,2020-10-01,WALKING,1073.0,LOW,54.044246673583984,Gonzaga University,"502 E Boone Ave
Spokane, WA 99258
USA",MEDIUM_CONFIDENCE,74.582664,Thursday,73.03999999999998
3,2020-10-01,WALKING,1073.0,LOW,54.044246673583984,Kennedy Apartments,"121 E Boone Ave
Spokane, WA 99202
USA",MEDIUM_CONFIDENCE,43.154545,Thursday,73.03999999999998
4,2020-10-02,WALKING,742.0,HIGH,85.04501581192017,Gonzaga University,"502 E Boone Ave
Spokane, WA 99258
USA",MEDIUM_CONFIDENCE,83.36711,Friday,77.0
5,2020-10-02,WALKING,742.0,HIGH,85.04501581192017,Kennedy Apartments,"121 E Boone Ave
Spokane, WA 99202
USA",MEDIUM_CONFIDENCE,42.796837,Friday,77.0
6,2020-10-02,WALKING,742.0,HIGH,85.04501581192017,Gonzaga University,"502 E Boone Ave
Spokane, WA 99258
USA",MEDIUM_CONFIDENCE,74.15138,Friday,77.0
7,2020-10-02,WALKING,742.0,HIGH,85.04501581192017,Kennedy Apartments,"121 E Boone Ave
Spokane, WA 99202
USA",MEDIUM_CONFIDENCE,66.10037,Friday,77.0
8,2020-10-02,WALKING,725.0,HIGH,88.36384415626526,Gonzaga University,"502 E Boone Ave
Spokane, WA 99258
USA",MEDIUM_CONFIDENCE,83.36711,Friday,77.0
9,2020-10-02,WALKING,725.0,HIGH,88.36384415626526,Kennedy Apartments,"121 E Boone Ave
Spokane, WA 99202
USA",MEDIUM_CONFIDENCE,42.796837,Friday,77.0
10,2020-10-02,WALKING,725.0,HIGH,88.36384415626526,Gonzaga University,"502 E Boone Ave
Spokane, WA 99258
USA",MEDIUM_CONFIDENCE,74.15138,Friday,77.0
11,2020-10-02,WALKING,725.0,HIGH,88.36384415626526,Kennedy Apartments,"121 E Boone Ave
Spokane, WA 99202
USA",MEDIUM_CONFIDENCE,66.10037,Friday,77.0
12,2020-10-02,WALKING,612.0,HIGH,80.29174208641052,Gonzaga University,"502 E Boone Ave
Spokane, WA 99258
USA",MEDIUM_CONFIDENCE,83.36711,Friday,77.0
13,2020-10-02,WALKING,612.0,HIGH,80.29174208641052,Kennedy Apartments,"121 E Boone Ave
Spokane, WA 99202
USA",MEDIUM_CONFIDENCE,42.796837,Friday,77.0
14,2020-10-02,WALKING,612.0,HIGH,80.29174208641052,Gonzaga University,"502 E Boone Ave
Spokane, WA 99258
USA",MEDIUM_CONFIDENCE,74.15138,Friday,77.0
15,2020-10-02,WALKING,612.0,HIGH,80.29174208641052,Kennedy Apartments,"121 E Boone Ave
Spokane, WA 99202
USA",MEDIUM_CONFIDENCE,66.10037,Friday,77.0
16,2020-10-02,WALKING,627.0,MEDIUM,75.88809132575989,Gonzaga University,"502 E Boone Ave
Spokane, WA 99258
USA",MEDIUM_CONFIDENCE,83.36711,Friday,77.0
17,2020-10-02,WALKING,627.0,MEDIUM,75.88809132575989,Kennedy Apartments,"121 E Boone Ave
Spokane, WA 99202
USA",MEDIUM_CONFIDENCE,42.796837,Friday,77.0
18,2020-10-02,WALKING,627.0,MEDIUM,75.88809132575989,Gonzaga University,"502 E Boone Ave
Spokane, WA 99258
USA",MEDIUM_CONFIDENCE,74.15138,Friday,77.0
19,2020-10-02,WALKING,627.0,MEDIUM,75.88809132575989,Kennedy Apartments,"121 E Boone Ave
Spokane, WA 99202
USA",MEDIUM_CONFIDENCE,66.10037,Friday,77.0
20,2020-10-02,CYCLING,1399.0,LOW,41.54512584209442,Gonzaga University,"502 E Boone Ave
Spokane, WA 99258
USA",MEDIUM_CONFIDENCE,83.36711,Friday,77.0
21,2020-10-02,CYCLING,1399.0,LOW,41.54512584209442,Kennedy Apartments,"121 E Boone Ave
Spokane, WA 99202
USA",MEDIUM_CONFIDENCE,42.796837,Friday,77.0
22,2020-10-02,CYCLING,1399.0,LOW,41.54512584209442,Gonzaga University,"502 E Boone Ave
Spokane, WA 99258
USA",MEDIUM_CONFIDENCE,74.15138,Friday,77.0
23,2020-10-02,CYCLING,1399.0,LOW,41.54512584209442,Kennedy Apartments,"121 E Boone Ave
Spokane, WA 99202
USA",MEDIUM_CONFIDENCE,66.10037,Friday,77.0
24,2020-10-03,CYCLING,1315.0,HIGH,92.48886108398438,Nike Factory Store,"618 W Main Ave
Spokane, WA 99201
USA",HIGH_CONFIDENCE,97.58682,Saturday,78.08000000000001
25,2020-10-03,CYCLING,1315.0,HIGH,92.48886108398438,117 E Boone Ave,"117 E Boone Ave
Spokane, WA 99202
USA",MEDIUM_CONFIDENCE,36.94815,Saturday,78.08000000000001
26,2020-10-03,CYCLING,1315.0,HIGH,92.48886108398438,Kennedy Apartments,"121 E Boone Ave
Spokane, WA 99202
USA",MEDIUM_CONFIDENCE,39.828102,Saturday,78.08000000000001
27,2020-10-03,CYCLING,1315.0,HIGH,92.48886108398438,Dutch Bros Coffee,"1306 N Division St
Spokane, WA 99202
USA",HIGH_CONFIDENCE,97.59534,Saturday,78.08000000000001
28,2020-10-03,CYCLING,1315.0,HIGH,92.48886108398438,Kennedy Apartments,"121 E Boone Ave
Spokane, WA 99202
USA",MEDIUM_CONFIDENCE,49.463017,Saturday,78.08000000000001
29,2020-10-03,WALKING,662.0,MEDIUM,64.81709480285645,Nike Factory Store,"618 W Main Ave
Spokane, WA 99201
USA",HIGH_CONFIDENCE,97.58682,Saturday,78.08000000000001
30,2020-10-03,WALKING,662.0,MEDIUM,64.81709480285645,117 E Boone Ave,"117 E Boone Ave
Spokane, WA 99202
USA",MEDIUM_CONFIDENCE,36.94815,Saturday,78.08000000000001
31,2020-10-03,WALKING,662.0,MEDIUM,64.81709480285645,Kennedy Apartments,"121 E Boone Ave
Spokane, WA 99202
USA",MEDIUM_CONFIDENCE,39.828102,Saturday,78.08000000000001
32,2020-10-03,WALKING,662.0,MEDIUM,64.81709480285645,Dutch Bros Coffee,"1306 N Division St
Spokane, WA 99202
USA",HIGH_CONFIDENCE,97.59534,Saturday,78.08000000000001
33,2020-10-03,WALKING,662.0,MEDIUM,64.81709480285645,Kennedy Apartments,"121 E Boone Ave
Spokane, WA 99202
USA",MEDIUM_CONFIDENCE,49.463017,Saturday,78.08000000000001
34,2020-10-03,WALKING,2786.0,LOW,43.44402253627777,Nike Factory Store,"618 W Main Ave
Spokane, WA 99201
USA",HIGH_CONFIDENCE,97.58682,Saturday,78.08000000000001
35,2020-10-03,WALKING,2786.0,LOW,43.44402253627777,117 E Boone Ave,"117 E Boone Ave
Spokane, WA 99202
USA",MEDIUM_CONFIDENCE,36.94815,Saturday,78.08000000000001
36,2020-10-03,WALKING,2786.0,LOW,43.44402253627777,Kennedy Apartments,"121 E Boone Ave
Spokane, WA 99202
USA",MEDIUM_CONFIDENCE,39.828102,Saturday,78.08000000000001
37,2020-10-03,WALKING,2786.0,LOW,43.44402253627777,Dutch Bros Coffee,"1306 N Division St
Spokane, WA 99202
USA",HIGH_CONFIDENCE,97.59534,Saturday,78.08000000000001
38,2020-10-03,WALKING,2786.0,LOW,43.44402253627777,Kennedy Apartments,"121 E Boone Ave
Spokane, WA 99202
USA",MEDIUM_CONFIDENCE,49.463017,Saturday,78.08000000000001
39,2020-10-03,WALKING,216.0,LOW,56.91269636154175,Nike Factory Store,"618 W Main Ave
Spokane, WA 99201
USA",HIGH_CONFIDENCE,97.58682,Saturday,78.08000000000001
40,2020-10-03,WALKING,216.0,LOW,56.91269636154175,117 E Boone Ave,"117 E Boone Ave
Spokane, WA 99202
USA",MEDIUM_CONFIDENCE,36.94815,Saturday,78.08000000000001
41,2020-10-03,WALKING,216.0,LOW,56.91269636154175,Kennedy Apartments,"121 E Boone Ave
Spokane, WA 99202
USA",MEDIUM_CONFIDENCE,39.828102,Saturday,78.08000000000001
42,2020-10-03,WALKING,216.0,LOW,56.91269636154175,Dutch Bros Coffee,"1306 N Division St
Spokane, WA 99202
USA",HIGH_CONFIDENCE,97.59534,Saturday,78.08000000000001
43,2020-10-03,WALKING,216.0,LOW,56.91269636154175,Kennedy Apartments,"121 E Boone Ave
Spokane, WA 99202
USA",MEDIUM_CONFIDENCE,49.463017,Saturday,78.08000000000001
44,2020-10-04,IN_PASSENGER_VEHICLE,1736.0,MEDIUM,65.13324975967407,117 E Boone Ave,"117 E Boone Ave
Spokane, WA 99202
USA",MEDIUM_CONFIDENCE,36.78125,Sunday,75.92
45,2020-10-04,IN_PASSENGER_VEHICLE,1736.0,MEDIUM,65.13324975967407,117 E Boone Ave,"117 E Boone Ave
Spokane, WA 99202
USA",MEDIUM_CONFIDENCE,33.457066,Sunday,75.92
46,2020-10-04,IN_PASSENGER_VEHICLE,1736.0,MEDIUM,65.13324975967407,117 E Boone Ave,"117 E Boone Ave
Spokane, WA 99202
USA",MEDIUM_CONFIDENCE,36.82836,Sunday,75.92
47,2020-10-04,WALKING,1546.0,MEDIUM,60.8906090259552,117 E Boone Ave,"117 E Boone Ave
Spokane, WA 99202
USA",MEDIUM_CONFIDENCE,36.78125,Sunday,75.92
48,2020-10-04,WALKING,1546.0,MEDIUM,60.8906090259552,117 E Boone Ave,"117 E Boone Ave
Spokane, WA 99202
USA",MEDIUM_CONFIDENCE,33.457066,Sunday,75.92
49,2020-10-04,WALKING,1546.0,MEDIUM,60.8906090259552,117 E Boone Ave,"117 E Boone Ave
Spokane, WA 99202
USA",MEDIUM_CONFIDENCE,36.82836,Sunday,75.92
50,2020-10-04,IN_PASSENGER_VEHICLE,2627.0,LOW,48.69902729988098,117 E Boone Ave,"117 E Boone Ave
Spokane, WA 99202
USA",MEDIUM_CONFIDENCE,36.78125,Sunday,75.92
51,2020-10-04,IN_PASSENGER_VEHICLE,2627.0,LOW,48.69902729988098,117 E Boone Ave,"117 E Boone Ave
Spokane, WA 99202
USA",MEDIUM_CONFIDENCE,33.457066,Sunday,75.92
52,2020-10-04,IN_PASSENGER_VEHICLE,2627.0,LOW,48.69902729988098,117 E Boone Ave,"117 E Boone Ave
Spokane, WA 99202
USA",MEDIUM_CONFIDENCE,36.82836,Sunday,75.92
53,2020-10-06,WALKING,680.0,HIGH,80.09877800941467,Gonzaga University,"502 E Boone Ave
Spokane, WA 99258
USA",MEDIUM_CONFIDENCE,71.694016,Tuesday,78.98
54,2020-10-06,WALKING,680.0,HIGH,80.09877800941467,Kennedy Apartments,"121 E Boone Ave
Spokane, WA 99202
USA",MEDIUM_CONFIDENCE,62.886913,Tuesday,78.98
55,2020-10-06,WALKING,680.0,HIGH,80.09877800941467,Kennedy Apartments,"121 E Boone Ave
Spokane, WA 99202
USA",MEDIUM_CONFIDENCE,42.07853,Tuesday,78.98
56,2020-10-06,WALKING,645.0,HIGH,84.81443524360657,Gonzaga University,"502 E Boone Ave
Spokane, WA 99258
USA",MEDIUM_CONFIDENCE,71.694016,Tuesday,78.98
57,2020-10-06,WALKING,645.0,HIGH,84.81443524360657,Kennedy Apartments,"121 E Boone Ave
Spokane, WA 99202
USA",MEDIUM_CONFIDENCE,62.886913,Tuesday,78.98
58,2020-10-06,WALKING,645.0,HIGH,84.81443524360657,Kennedy Apartments,"121 E Boone Ave
Spokane, WA 99202
USA",MEDIUM_CONFIDENCE,42.07853,Tuesday,78.98
59,2020-10-06,WALKING,782.0,MEDIUM,71.92084193229675,Gonzaga University,"502 E Boone Ave
Spokane, WA 99258
USA",MEDIUM_CONFIDENCE,71.694016,Tuesday,78.98
60,2020-10-06,WALKING,782.0,MEDIUM,71.92084193229675,Kennedy Apartments,"121 E Boone Ave
Spokane, WA 99202
USA",MEDIUM_CONFIDENCE,62.886913,Tuesday,78.98
61,2020-10-06,WALKING,782.0,MEDIUM,71.92084193229675,Kennedy Apartments,"121 E Boone Ave
Spokane, WA 99202
USA",MEDIUM_CONFIDENCE,42.07853,Tuesday,78.98
62,2020-10-07,WALKING,635.0,HIGH,85.25590300559998,Gonzaga University,"502 E Boone Ave
Spokane, WA 99258
USA",MEDIUM_CONFIDENCE,80.842514,Wednesday,82.03999999999998
63,2020-10-07,WALKING,635.0,HIGH,85.25590300559998,Kennedy Apartments,"121 E Boone Ave
Spokane, WA 99202
USA",MEDIUM_CONFIDENCE,53.379093,Wednesday,82.03999999999998
64,2020-10-07,WALKING,635.0,HIGH,85.25590300559998,Gonzaga University,"502 E Boone Ave
Spokane, WA 99258
USA",MEDIUM_CONFIDENCE,69.89719,Wednesday,82.03999999999998
65,2020-10-07,WALKING,635.0,HIGH,85.25590300559998,Kennedy Apartments,"121 E Boone Ave
Spokane, WA 99202
USA",MEDIUM_CONFIDENCE,37.647545,Wednesday,82.03999999999998
66,2020-10-07,WALKING,607.0,HIGH,88.15751671791077,Gonzaga University,"502 E Boone Ave
Spokane, WA 99258
USA",MEDIUM_CONFIDENCE,80.842514,Wednesday,82.03999999999998
67,2020-10-07,WALKING,607.0,HIGH,88.15751671791077,Kennedy Apartments,"121 E Boone Ave
Spokane, WA 99202
USA",MEDIUM_CONFIDENCE,53.379093,Wednesday,82.03999999999998
68,2020-10-07,WALKING,607.0,HIGH,88.15751671791077,Gonzaga University,"502 E Boone Ave
Spokane, WA 99258
USA",MEDIUM_CONFIDENCE,69.89719,Wednesday,82.03999999999998
69,2020-10-07,WALKING,607.0,HIGH,88.15751671791077,Kennedy Apartments,"121 E Boone Ave
Spokane, WA 99202
USA",MEDIUM_CONFIDENCE,37.647545,Wednesday,82.03999999999998
70,2020-10-07,WALKING,715.0,HIGH,86.25305891036987,Gonzaga University,"502 E Boone Ave
Spokane, WA 99258
USA",MEDIUM_CONFIDENCE,80.842514,Wednesday,82.03999999999998
71,2020-10-07,WALKING,715.0,HIGH,86.25305891036987,Kennedy Apartments,"121 E Boone Ave
Spokane, WA 99202
USA",MEDIUM_CONFIDENCE,53.379093,Wednesday,82.03999999999998
72,2020-10-07,WALKING,715.0,HIGH,86.25305891036987,Gonzaga University,"502 E Boone Ave
Spokane, WA 99258
USA",MEDIUM_CONFIDENCE,69.89719,Wednesday,82.03999999999998
73,2020-10-07,WALKING,715.0,HIGH,86.25305891036987,Kennedy Apartments,"121 E Boone Ave
Spokane, WA 99202
USA",MEDIUM_CONFIDENCE,37.647545,Wednesday,82.03999999999998
74,2020-10-07,WALKING,799.0,HIGH,79.85329627990723,Gonzaga University,"502 E Boone Ave
Spokane, WA 99258
USA",MEDIUM_CONFIDENCE,80.842514,Wednesday,82.03999999999998
75,2020-10-07,WALKING,799.0,HIGH,79.85329627990723,Kennedy Apartments,"121 E Boone Ave
Spokane, WA 99202
USA",MEDIUM_CONFIDENCE,53.379093,Wednesday,82.03999999999998
76,2020-10-07,WALKING,799.0,HIGH,79.85329627990723,Gonzaga University,"502 E Boone Ave
Spokane, WA 99258
USA",MEDIUM_CONFIDENCE,69.89719,Wednesday,82.03999999999998
77,2020-10-07,WALKING,799.0,HIGH,79.85329627990723,Kennedy Apartments,"121 E Boone Ave
Spokane, WA 99202
USA",MEDIUM_CONFIDENCE,37.647545,Wednesday,82.03999999999998
78,2020-10-08,WALKING,686.0,HIGH,85.0866973400116,117 E Boone Ave,"117 E Boone Ave
Spokane, WA 99202
USA",MEDIUM_CONFIDENCE,40.850864,Thursday,73.94
79,2020-10-08,WALKING,686.0,HIGH,85.0866973400116,Gonzaga University,"502 E Boone Ave
Spokane, WA 99258
USA",MEDIUM_CONFIDENCE,90.98326,Thursday,73.94
80,2020-10-08,WALKING,686.0,HIGH,85.0866973400116,Kennedy Apartments,"121 E Boone Ave
Spokane, WA 99202
USA",MEDIUM_CONFIDENCE,38.122757,Thursday,73.94
81,2020-10-08,WALKING,686.0,HIGH,85.0866973400116,Kennedy Apartments,"121 E Boone Ave
Spokane, WA 99202
USA",MEDIUM_CONFIDENCE,40.420788,Thursday,73.94
82,2020-10-08,WALKING,686.0,HIGH,85.0866973400116,Kennedy Apartments,"121 E Boone Ave
Spokane, WA 99202
USA",MEDIUM_CONFIDENCE,34.56187,Thursday,73.94
83,2020-10-08,WALKING,722.0,HIGH,87.7730667591095,117 E Boone Ave,"117 E Boone Ave
Spokane, WA 99202
USA",MEDIUM_CONFIDENCE,40.850864,Thursday,73.94
84,2020-10-08,WALKING,722.0,HIGH,87.7730667591095,Gonzaga University,"502 E Boone Ave
Spokane, WA 99258
USA",MEDIUM_CONFIDENCE,90.98326,Thursday,73.94
85,2020-10-08,WALKING,722.0,HIGH,87.7730667591095,Kennedy Apartments,"121 E Boone Ave
Spokane, WA 99202
USA",MEDIUM_CONFIDENCE,38.122757,Thursday,73.94
86,2020-10-08,WALKING,722.0,HIGH,87.7730667591095,Kennedy Apartments,"121 E Boone Ave
Spokane, WA 99202
USA",MEDIUM_CONFIDENCE,40.420788,Thursday,73.94
87,2020-10-08,WALKING,722.0,HIGH,87.7730667591095,Kennedy Apartments,"121 E Boone Ave
Spokane, WA 99202
USA",MEDIUM_CONFIDENCE,34.56187,Thursday,73.94
88,2020-10-08,WALKING,1362.0,HIGH,77.70297527313232,117 E Boone Ave,"117 E Boone Ave
Spokane, WA 99202
USA",MEDIUM_CONFIDENCE,40.850864,Thursday,73.94
89,2020-10-08,WALKING,1362.0,HIGH,77.70297527313232,Gonzaga University,"502 E Boone Ave
Spokane, WA 99258
USA",MEDIUM_CONFIDENCE,90.98326,Thursday,73.94
90,2020-10-08,WALKING,1362.0,HIGH,77.70297527313232,Kennedy Apartments,"121 E Boone Ave
Spokane, WA 99202
USA",MEDIUM_CONFIDENCE,38.122757,Thursday,73.94
91,2020-10-08,WALKING,1362.0,HIGH,77.70297527313232,Kennedy Apartments,"121 E Boone Ave
Spokane, WA 99202
USA",MEDIUM_CONFIDENCE,40.420788,Thursday,73.94
92,2020-10-08,WALKING,1362.0,HIGH,77.70297527313232,Kennedy Apartments,"121 E Boone Ave
Spokane, WA 99202
USA",MEDIUM_CONFIDENCE,34.56187,Thursday,73.94
93,2020-10-08,WALKING,1030.0,HIGH,79.52038049697876,117 E Boone Ave,"117 E Boone Ave
Spokane, WA 99202
USA",MEDIUM_CONFIDENCE,40.850864,Thursday,73.94
94,2020-10-08,WALKING,1030.0,HIGH,79.52038049697876,Gonzaga University,"502 E Boone Ave
Spokane, WA 99258
USA",MEDIUM_CONFIDENCE,90.98326,Thursday,73.94
95,2020-10-08,WALKING,1030.0,HIGH,79.52038049697876,Kennedy Apartments,"121 E Boone Ave
Spokane, WA 99202
USA",MEDIUM_CONFIDENCE,38.122757,Thursday,73.94
96,2020-10-08,WALKING,1030.0,HIGH,79.52038049697876,Kennedy Apartments,"121 E Boone Ave
Spokane, WA 99202
USA",MEDIUM_CONFIDENCE,40.420788,Thursday,73.94
97,2020-10-08,WALKING,1030.0,HIGH,79.52038049697876,Kennedy Apartments,"121 E Boone Ave
Spokane, WA 99202
USA",MEDIUM_CONFIDENCE,34.56187,Thursday,73.94
98,2020-10-09,WALKING,797.0,HIGH,87.79048323631287,Gonzaga University,"502 E Boone Ave
Spokane, WA 99258
USA",MEDIUM_CONFIDENCE,62.18946,Friday,71.96000000000002
99,2020-10-09,WALKING,797.0,HIGH,87.79048323631287,Kennedy Apartments,"121 E Boone Ave
Spokane, WA 99202
USA",MEDIUM_CONFIDENCE,35.384007,Friday,71.96000000000002
100,2020-10-09,WALKING,797.0,HIGH,87.79048323631287,Gonzaga University,"502 E Boone Ave
Spokane, WA 99258
USA",MEDIUM_CONFIDENCE,83.8748,Friday,71.96000000000002
101,2020-10-09,WALKING,797.0,HIGH,87.79048323631287,Kennedy Apartments,"121 E Boone Ave
Spokane, WA 99202
USA",MEDIUM_CONFIDENCE,57.182537,Friday,71.96000000000002
102,2020-10-09,WALKING,797.0,HIGH,87.79048323631287,117 E Boone Ave,"117 E Boone Ave
Spokane, WA 99202
USA",LOW_CONFIDENCE,31.428293,Friday,71.96000000000002
103,2020-10-09,WALKING,718.0,HIGH,84.8827600479126,Gonzaga University,"502 E Boone Ave
Spokane, WA 99258
USA",MEDIUM_CONFIDENCE,62.18946,Friday,71.96000000000002
104,2020-10-09,WALKING,718.0,HIGH,84.8827600479126,Kennedy Apartments,"121 E Boone Ave
Spokane, WA 99202
USA",MEDIUM_CONFIDENCE,35.384007,Friday,71.96000000000002
105,2020-10-09,WALKING,718.0,HIGH,84.8827600479126,Gonzaga University,"502 E Boone Ave
Spokane, WA 99258
USA",MEDIUM_CONFIDENCE,83.8748,Friday,71.96000000000002
106,2020-10-09,WALKING,718.0,HIGH,84.8827600479126,Kennedy Apartments,"121 E Boone Ave
Spokane, WA 99202
USA",MEDIUM_CONFIDENCE,57.182537,Friday,71.96000000000002
107,2020-10-09,WALKING,718.0,HIGH,84.8827600479126,117 E Boone Ave,"117 E Boone Ave
Spokane, WA 99202
USA",LOW_CONFIDENCE,31.428293,Friday,71.96000000000002
108,2020-10-09,WALKING,189.0,HIGH,82.77286887168884,Gonzaga University,"502 E Boone Ave
Spokane, WA 99258
USA",MEDIUM_CONFIDENCE,62.18946,Friday,71.96000000000002
109,2020-10-09,WALKING,189.0,HIGH,82.77286887168884,Kennedy Apartments,"121 E Boone Ave
Spokane, WA 99202
USA",MEDIUM_CONFIDENCE,35.384007,Friday,71.96000000000002
110,2020-10-09,WALKING,189.0,HIGH,82.77286887168884,Gonzaga University,"502 E Boone Ave
Spokane, WA 99258
USA",MEDIUM_CONFIDENCE,83.8748,Friday,71.96000000000002
111,2020-10-09,WALKING,189.0,HIGH,82.77286887168884,Kennedy Apartments,"121 E Boone Ave
Spokane, WA 99202
USA",MEDIUM_CONFIDENCE,57.182537,Friday,71.96000000000002
112,2020-10-09,WALKING,189.0,HIGH,82.77286887168884,117 E Boone Ave,"117 E Boone Ave
Spokane, WA 99202
USA",LOW_CONFIDENCE,31.428293,Friday,71.96000000000002
113,2020-10-09,WALKING,437.0,HIGH,89.71720933914185,Gonzaga University,"502 E Boone Ave
Spokane, WA 99258
USA",MEDIUM_CONFIDENCE,62.18946,Friday,71.96000000000002
114,2020-10-09,WALKING,437.0,HIGH,89.71720933914185,Kennedy Apartments,"121 E Boone Ave
Spokane, WA 99202
USA",MEDIUM_CONFIDENCE,35.384007,Friday,71.96000000000002
115,2020-10-09,WALKING,437.0,HIGH,89.71720933914185,Gonzaga University,"502 E Boone Ave
Spokane, WA 99258
USA",MEDIUM_CONFIDENCE,83.8748,Friday,71.96000000000002
116,2020-10-09,WALKING,437.0,HIGH,89.71720933914185,Kennedy Apartments,"121 E Boone Ave
Spokane, WA 99202
USA",MEDIUM_CONFIDENCE,57.182537,Friday,71.96000000000002
117,2020-10-09,WALKING,437.0,HIGH,89.71720933914185,117 E Boone Ave,"117 E Boone Ave
Spokane, WA 99202
USA",LOW_CONFIDENCE,31.428293,Friday,71.96000000000002
118,2020-10-09,WALKING,1712.0,HIGH,85.14701724052429,Gonzaga University,"502 E Boone Ave
Spokane, WA 99258
USA",MEDIUM_CONFIDENCE,62.18946,Friday,71.96000000000002
119,2020-10-09,WALKING,1712.0,HIGH,85.14701724052429,Kennedy Apartments,"121 E Boone Ave
Spokane, WA 99202
USA",MEDIUM_CONFIDENCE,35.384007,Friday,71.96000000000002
120,2020-10-09,WALKING,1712.0,HIGH,85.14701724052429,Gonzaga University,"502 E Boone Ave
Spokane, WA 99258
USA",MEDIUM_CONFIDENCE,83.8748,Friday,71.96000000000002
121,2020-10-09,WALKING,1712.0,HIGH,85.14701724052429,Kennedy Apartments,"121 E Boone Ave
Spokane, WA 99202
USA",MEDIUM_CONFIDENCE,57.182537,Friday,71.96000000000002
122,2020-10-09,WALKING,1712.0,HIGH,85.14701724052429,117 E Boone Ave,"117 E Boone Ave
Spokane, WA 99202
USA",LOW_CONFIDENCE,31.428293,Friday,71.96000000000002
123,2020-10-09,WALKING,2265.0,HIGH,94.23162341117859,Gonzaga University,"502 E Boone Ave
Spokane, WA 99258
USA",MEDIUM_CONFIDENCE,62.18946,Friday,71.96000000000002
124,2020-10-09,WALKING,2265.0,HIGH,94.23162341117859,Kennedy Apartments,"121 E Boone Ave
Spokane, WA 99202
USA",MEDIUM_CONFIDENCE,35.384007,Friday,71.96000000000002
125,2020-10-09,WALKING,2265.0,HIGH,94.23162341117859,Gonzaga University,"502 E Boone Ave
Spokane, WA 99258
USA",MEDIUM_CONFIDENCE,83.8748,Friday,71.96000000000002
126,2020-10-09,WALKING,2265.0,HIGH,94.23162341117859,Kennedy Apartments,"121 E Boone Ave
Spokane, WA 99202
USA",MEDIUM_CONFIDENCE,57.182537,Friday,71.96000000000002
127,2020-10-09,WALKING,2265.0,HIGH,94.23162341117859,117 E Boone Ave,"117 E Boone Ave
Spokane, WA 99202
USA",LOW_CONFIDENCE,31.428293,Friday,71.96000000000002
128,2020-10-10,WALKING,2152.0,HIGH,95.75318694114685,Nike Factory Store,"618 W Main Ave
Spokane, WA 99201
USA",HIGH_CONFIDENCE,98.44661,Saturday,62.06
129,2020-10-10,WALKING,2152.0,HIGH,95.75318694114685,Kennedy Apartments,"121 E Boone Ave
Spokane, WA 99202
USA",MEDIUM_CONFIDENCE,38.997154,Saturday,62.06
130,2020-10-10,WALKING,2152.0,HIGH,95.75318694114685,117 E Boone Ave,"117 E Boone Ave
Spokane, WA 99202
USA",MEDIUM_CONFIDENCE,45.794247,Saturday,62.06
131,2020-10-10,WALKING,2152.0,HIGH,95.75318694114685,Kennedy Apartments,"121 E Boone Ave
Spokane, WA 99202
USA",MEDIUM_CONFIDENCE,38.74399,Saturday,62.06
132,2020-10-10,IN_PASSENGER_VEHICLE,1789.0,HIGH,81.12059831619263,Nike Factory Store,"618 W Main Ave
Spokane, WA 99201
USA",HIGH_CONFIDENCE,98.44661,Saturday,62.06
133,2020-10-10,IN_PASSENGER_VEHICLE,1789.0,HIGH,81.12059831619263,Kennedy Apartments,"121 E Boone Ave
Spokane, WA 99202
USA",MEDIUM_CONFIDENCE,38.997154,Saturday,62.06
134,2020-10-10,IN_PASSENGER_VEHICLE,1789.0,HIGH,81.12059831619263,117 E Boone Ave,"117 E Boone Ave
Spokane, WA 99202
USA",MEDIUM_CONFIDENCE,45.794247,Saturday,62.06
135,2020-10-10,IN_PASSENGER_VEHICLE,1789.0,HIGH,81.12059831619263,Kennedy Apartments,"121 E Boone Ave
Spokane, WA 99202
USA",MEDIUM_CONFIDENCE,38.74399,Saturday,62.06
136,2020-10-10,IN_PASSENGER_VEHICLE,1699.0,LOW,55.03172278404236,Nike Factory Store,"618 W Main Ave
Spokane, WA 99201
USA",HIGH_CONFIDENCE,98.44661,Saturday,62.06
137,2020-10-10,IN_PASSENGER_VEHICLE,1699.0,LOW,55.03172278404236,Kennedy Apartments,"121 E Boone Ave
Spokane, WA 99202
USA",MEDIUM_CONFIDENCE,38.997154,Saturday,62.06
138,2020-10-10,IN_PASSENGER_VEHICLE,1699.0,LOW,55.03172278404236,117 E Boone Ave,"117 E Boone Ave
Spokane, WA 99202
USA",MEDIUM_CONFIDENCE,45.794247,Saturday,62.06
139,2020-10-10,IN_PASSENGER_VEHICLE,1699.0,LOW,55.03172278404236,Kennedy Apartments,"121 E Boone Ave
Spokane, WA 99202
USA",MEDIUM_CONFIDENCE,38.74399,Saturday,62.06
140,2020-10-11,WALKING,1552.0,LOW,52.49684453010559,Kennedy Apartments,"121 E Boone Ave
Spokane, WA 99202
USA",LOW_CONFIDENCE,45.200073,Sunday,53.96
141,2020-10-11,WALKING,1552.0,LOW,52.49684453010559,Mission Park,"Spokane, WA 99202
USA",MEDIUM_CONFIDENCE,60.664253,Sunday,53.96
142,2020-10-11,WALKING,1552.0,LOW,52.49684453010559,The Barbers,"28 E Sharp Ave
Spokane, WA 99202
USA",MEDIUM_CONFIDENCE,33.641697,Sunday,53.96
143,2020-10-11,WALKING,1200.0,LOW,41.1667674779892,Kennedy Apartments,"121 E Boone Ave
Spokane, WA 99202
USA",LOW_CONFIDENCE,45.200073,Sunday,53.96
144,2020-10-11,WALKING,1200.0,LOW,41.1667674779892,Mission Park,"Spokane, WA 99202
USA",MEDIUM_CONFIDENCE,60.664253,Sunday,53.96
145,2020-10-11,WALKING,1200.0,LOW,41.1667674779892,The Barbers,"28 E Sharp Ave
Spokane, WA 99202
USA",MEDIUM_CONFIDENCE,33.641697,Sunday,53.96
146,2020-10-11,WALKING,1198.0,LOW,37.28024959564209,Kennedy Apartments,"121 E Boone Ave
Spokane, WA 99202
USA",LOW_CONFIDENCE,45.200073,Sunday,53.96
147,2020-10-11,WALKING,1198.0,LOW,37.28024959564209,Mission Park,"Spokane, WA 99202
USA",MEDIUM_CONFIDENCE,60.664253,Sunday,53.96
148,2020-10-11,WALKING,1198.0,LOW,37.28024959564209,The Barbers,"28 E Sharp Ave
Spokane, WA 99202
USA",MEDIUM_CONFIDENCE,33.641697,Sunday,53.96
149,2020-10-12,WALKING,738.0,MEDIUM,69.58890557289124,Gonzaga University,"502 E Boone Ave
Spokane, WA 99258
USA",MEDIUM_CONFIDENCE,67.52775,Monday,59.0
150,2020-10-12,WALKING,738.0,MEDIUM,69.58890557289124,Kennedy Apartments,"121 E Boone Ave
Spokane, WA 99202
USA",MEDIUM_CONFIDENCE,61.95734,Monday,59.0
151,2020-10-12,WALKING,738.0,MEDIUM,69.58890557289124,Gonzaga University,"502 E Boone Ave
Spokane, WA 99258
USA",MEDIUM_CONFIDENCE,65.34446,Monday,59.0
152,2020-10-12,WALKING,738.0,MEDIUM,69.58890557289124,Kennedy Apartments,"121 E Boone Ave
Spokane, WA 99202
USA",MEDIUM_CONFIDENCE,30.845066,Monday,59.0
153,2020-10-12,WALKING,782.0,MEDIUM,72.70392775535583,Gonzaga University,"502 E Boone Ave
Spokane, WA 99258
USA",MEDIUM_CONFIDENCE,67.52775,Monday,59.0
154,2020-10-12,WALKING,782.0,MEDIUM,72.70392775535583,Kennedy Apartments,"121 E Boone Ave
Spokane, WA 99202
USA",MEDIUM_CONFIDENCE,61.95734,Monday,59.0
155,2020-10-12,WALKING,782.0,MEDIUM,72.70392775535583,Gonzaga University,"502 E Boone Ave
Spokane, WA 99258
USA",MEDIUM_CONFIDENCE,65.34446,Monday,59.0
156,2020-10-12,WALKING,782.0,MEDIUM,72.70392775535583,Kennedy Apartments,"121 E Boone Ave
Spokane, WA 99202
USA",MEDIUM_CONFIDENCE,30.845066,Monday,59.0
157,2020-10-12,WALKING,264.0,MEDIUM,73.99008274078369,Gonzaga University,"502 E Boone Ave
Spokane, WA 99258
USA",MEDIUM_CONFIDENCE,67.52775,Monday,59.0
158,2020-10-12,WALKING,264.0,MEDIUM,73.99008274078369,Kennedy Apartments,"121 E Boone Ave
Spokane, WA 99202
USA",MEDIUM_CONFIDENCE,61.95734,Monday,59.0
159,2020-10-12,WALKING,264.0,MEDIUM,73.99008274078369,Gonzaga University,"502 E Boone Ave
Spokane, WA 99258
USA",MEDIUM_CONFIDENCE,65.34446,Monday,59.0
160,2020-10-12,WALKING,264.0,MEDIUM,73.99008274078369,Kennedy Apartments,"121 E Boone Ave
Spokane, WA 99202
USA",MEDIUM_CONFIDENCE,30.845066,Monday,59.0
161,2020-10-12,WALKING,229.0,HIGH,83.47935080528259,Gonzaga University,"502 E Boone Ave
Spokane, WA 99258
USA",MEDIUM_CONFIDENCE,67.52775,Monday,59.0
162,2020-10-12,WALKING,229.0,HIGH,83.47935080528259,Kennedy Apartments,"121 E Boone Ave
Spokane, WA 99202
USA",MEDIUM_CONFIDENCE,61.95734,Monday,59.0
163,2020-10-12,WALKING,229.0,HIGH,83.47935080528259,Gonzaga University,"502 E Boone Ave
Spokane, WA 99258
USA",MEDIUM_CONFIDENCE,65.34446,Monday,59.0
164,2020-10-12,WALKING,229.0,HIGH,83.47935080528259,Kennedy Apartments,"121 E Boone Ave
Spokane, WA 99202
USA",MEDIUM_CONFIDENCE,30.845066,Monday,59.0
165,2020-10-13,WALKING,735.0,HIGH,81.27728700637817,Gonzaga University,"502 E Boone Ave
Spokane, WA 99258
USA",MEDIUM_CONFIDENCE,59.206,Tuesday,60.08
166,2020-10-13,WALKING,735.0,HIGH,81.27728700637817,Gonzaga University,"502 E Boone Ave
Spokane, WA 99258
USA",MEDIUM_CONFIDENCE,44.1174,Tuesday,60.08
167,2020-10-13,WALKING,735.0,HIGH,81.27728700637817,Gonzaga University,"502 E Boone Ave
Spokane, WA 99258
USA",MEDIUM_CONFIDENCE,61.354607,Tuesday,60.08
168,2020-10-13,WALKING,735.0,HIGH,81.27728700637817,Gonzaga University,"502 E Boone Ave
Spokane, WA 99258
USA",MEDIUM_CONFIDENCE,29.397455,Tuesday,60.08
169,2020-10-13,WALKING,735.0,HIGH,81.27728700637817,URM Cash & Carry,"902 E Springfield Ave
Spokane, WA 99202
USA",HIGH_CONFIDENCE,96.57267,Tuesday,60.08
170,2020-10-13,WALKING,669.0,HIGH,81.87149167060852,Gonzaga University,"502 E Boone Ave
Spokane, WA 99258
USA",MEDIUM_CONFIDENCE,59.206,Tuesday,60.08
171,2020-10-13,WALKING,669.0,HIGH,81.87149167060852,Gonzaga University,"502 E Boone Ave
Spokane, WA 99258
USA",MEDIUM_CONFIDENCE,44.1174,Tuesday,60.08
172,2020-10-13,WALKING,669.0,HIGH,81.87149167060852,Gonzaga University,"502 E Boone Ave
Spokane, WA 99258
USA",MEDIUM_CONFIDENCE,61.354607,Tuesday,60.08
173,2020-10-13,WALKING,669.0,HIGH,81.87149167060852,Gonzaga University,"502 E Boone Ave
Spokane, WA 99258
USA",MEDIUM_CONFIDENCE,29.397455,Tuesday,60.08
174,2020-10-13,WALKING,669.0,HIGH,81.87149167060852,URM Cash & Carry,"902 E Springfield Ave
Spokane, WA 99202
USA",HIGH_CONFIDENCE,96.57267,Tuesday,60.08
175,2020-10-13,WALKING,559.0,LOW,50.15396475791931,Gonzaga University,"502 E Boone Ave
Spokane, WA 99258
USA",MEDIUM_CONFIDENCE,59.206,Tuesday,60.08
176,2020-10-13,WALKING,559.0,LOW,50.15396475791931,Gonzaga University,"502 E Boone Ave
Spokane, WA 99258
USA",MEDIUM_CONFIDENCE,44.1174,Tuesday,60.08
177,2020-10-13,WALKING,559.0,LOW,50.15396475791931,Gonzaga University,"502 E Boone Ave
Spokane, WA 99258
USA",MEDIUM_CONFIDENCE,61.354607,Tuesday,60.08
178,2020-10-13,WALKING,559.0,LOW,50.15396475791931,Gonzaga University,"502 E Boone Ave
Spokane, WA 99258
USA",MEDIUM_CONFIDENCE,29.397455,Tuesday,60.08
179,2020-10-13,WALKING,559.0,LOW,50.15396475791931,URM Cash & Carry,"902 E Springfield Ave
Spokane, WA 99202
USA",HIGH_CONFIDENCE,96.57267,Tuesday,60.08
180,2020-10-13,WALKING,560.0,LOW,52.577221393585205,Gonzaga University,"502 E Boone Ave
Spokane, WA 99258
USA",MEDIUM_CONFIDENCE,59.206,Tuesday,60.08
181,2020-10-13,WALKING,560.0,LOW,52.577221393585205,Gonzaga University,"502 E Boone Ave
Spokane, WA 99258
USA",MEDIUM_CONFIDENCE,44.1174,Tuesday,60.08
182,2020-10-13,WALKING,560.0,LOW,52.577221393585205,Gonzaga University,"502 E Boone Ave
Spokane, WA 99258
USA",MEDIUM_CONFIDENCE,61.354607,Tuesday,60.08
183,2020-10-13,WALKING,560.0,LOW,52.577221393585205,Gonzaga University,"502 E Boone Ave
Spokane, WA 99258
USA",MEDIUM_CONFIDENCE,29.397455,Tuesday,60.08
184,2020-10-13,WALKING,560.0,LOW,52.577221393585205,URM Cash & Carry,"902 E Springfield Ave
Spokane, WA 99202
USA",HIGH_CONFIDENCE,96.57267,Tuesday,60.08
185,2020-10-13,IN_PASSENGER_VEHICLE,1511.0,HIGH,81.56923651695251,Gonzaga University,"502 E Boone Ave
Spokane, WA 99258
USA",MEDIUM_CONFIDENCE,59.206,Tuesday,60.08
186,2020-10-13,IN_PASSENGER_VEHICLE,1511.0,HIGH,81.56923651695251,Gonzaga University,"502 E Boone Ave
Spokane, WA 99258
USA",MEDIUM_CONFIDENCE,44.1174,Tuesday,60.08
187,2020-10-13,IN_PASSENGER_VEHICLE,1511.0,HIGH,81.56923651695251,Gonzaga University,"502 E Boone Ave
Spokane, WA 99258
USA",MEDIUM_CONFIDENCE,61.354607,Tuesday,60.08
188,2020-10-13,IN_PASSENGER_VEHICLE,1511.0,HIGH,81.56923651695251,Gonzaga University,"502 E Boone Ave
Spokane, WA 99258
USA",MEDIUM_CONFIDENCE,29.397455,Tuesday,60.08
189,2020-10-13,IN_PASSENGER_VEHICLE,1511.0,HIGH,81.56923651695251,URM Cash & Carry,"902 E Springfield Ave
Spokane, WA 99202
USA",HIGH_CONFIDENCE,96.57267,Tuesday,60.08
190,2020-10-14,IN_PASSENGER_VEHICLE,1125.0,MEDIUM,75.15477538108826,117 E Boone Ave,"117 E Boone Ave
Spokane, WA 99202
USA",MEDIUM_CONFIDENCE,32.14961,Wednesday,55.040000000000006
191,2020-10-14,IN_PASSENGER_VEHICLE,1125.0,MEDIUM,75.15477538108826,Kennedy Apartments,"121 E Boone Ave
Spokane, WA 99202
USA",MEDIUM_CONFIDENCE,54.5587,Wednesday,55.040000000000006
192,2020-10-14,IN_PASSENGER_VEHICLE,1125.0,MEDIUM,75.15477538108826,Gonzaga University,"502 E Boone Ave
Spokane, WA 99258
USA",MEDIUM_CONFIDENCE,77.294815,Wednesday,55.040000000000006
193,2020-10-14,IN_PASSENGER_VEHICLE,1125.0,MEDIUM,75.15477538108826,Kennedy Apartments,"121 E Boone Ave
Spokane, WA 99202
USA",MEDIUM_CONFIDENCE,39.790974,Wednesday,55.040000000000006
194,2020-10-14,IN_PASSENGER_VEHICLE,1125.0,MEDIUM,75.15477538108826,Gonzaga University,"502 E Boone Ave
Spokane, WA 99258
USA",MEDIUM_CONFIDENCE,86.13089,Wednesday,55.040000000000006
195,2020-10-14,IN_PASSENGER_VEHICLE,1125.0,MEDIUM,75.15477538108826,Kennedy Apartments,"121 E Boone Ave
Spokane, WA 99202
USA",MEDIUM_CONFIDENCE,49.642258,Wednesday,55.040000000000006
196,2020-10-14,WALKING,292.0,MEDIUM,77.39058136940002,117 E Boone Ave,"117 E Boone Ave
Spokane, WA 99202
USA",MEDIUM_CONFIDENCE,32.14961,Wednesday,55.040000000000006
197,2020-10-14,WALKING,292.0,MEDIUM,77.39058136940002,Kennedy Apartments,"121 E Boone Ave
Spokane, WA 99202
USA",MEDIUM_CONFIDENCE,54.5587,Wednesday,55.040000000000006
198,2020-10-14,WALKING,292.0,MEDIUM,77.39058136940002,Gonzaga University,"502 E Boone Ave
Spokane, WA 99258
USA",MEDIUM_CONFIDENCE,77.294815,Wednesday,55.040000000000006
199,2020-10-14,WALKING,292.0,MEDIUM,77.39058136940002,Kennedy Apartments,"121 E Boone Ave
Spokane, WA 99202
USA",MEDIUM_CONFIDENCE,39.790974,Wednesday,55.040000000000006
200,2020-10-14,WALKING,292.0,MEDIUM,77.39058136940002,Gonzaga University,"502 E Boone Ave
Spokane, WA 99258
USA",MEDIUM_CONFIDENCE,86.13089,Wednesday,55.040000000000006
201,2020-10-14,WALKING,292.0,MEDIUM,77.39058136940002,Kennedy Apartments,"121 E Boone Ave
Spokane, WA 99202
USA",MEDIUM_CONFIDENCE,49.642258,Wednesday,55.040000000000006
202,2020-10-14,WALKING,289.0,HIGH,86.03559136390686,117 E Boone Ave,"117 E Boone Ave
Spokane, WA 99202
USA",MEDIUM_CONFIDENCE,32.14961,Wednesday,55.040000000000006
203,2020-10-14,WALKING,289.0,HIGH,86.03559136390686,Kennedy Apartments,"121 E Boone Ave
Spokane, WA 99202
USA",MEDIUM_CONFIDENCE,54.5587,Wednesday,55.040000000000006
204,2020-10-14,WALKING,289.0,HIGH,86.03559136390686,Gonzaga University,"502 E Boone Ave
Spokane, WA 99258
USA",MEDIUM_CONFIDENCE,77.294815,Wednesday,55.040000000000006
205,2020-10-14,WALKING,289.0,HIGH,86.03559136390686,Kennedy Apartments,"121 E Boone Ave
Spokane, WA 99202
USA",MEDIUM_CONFIDENCE,39.790974,Wednesday,55.040000000000006
206,2020-10-14,WALKING,289.0,HIGH,86.03559136390686,Gonzaga University,"502 E Boone Ave
Spokane, WA 99258
USA",MEDIUM_CONFIDENCE,86.13089,Wednesday,55.040000000000006
207,2020-10-14,WALKING,289.0,HIGH,86.03559136390686,Kennedy Apartments,"121 E Boone Ave
Spokane, WA 99202
USA",MEDIUM_CONFIDENCE,49.642258,Wednesday,55.040000000000006
208,2020-10-14,WALKING,791.0,HIGH,84.73532199859619,117 E Boone Ave,"117 E Boone Ave
Spokane, WA 99202
USA",MEDIUM_CONFIDENCE,32.14961,Wednesday,55.040000000000006
209,2020-10-14,WALKING,791.0,HIGH,84.73532199859619,Kennedy Apartments,"121 E Boone Ave
Spokane, WA 99202
USA",MEDIUM_CONFIDENCE,54.5587,Wednesday,55.040000000000006
210,2020-10-14,WALKING,791.0,HIGH,84.73532199859619,Gonzaga University,"502 E Boone Ave
Spokane, WA 99258
USA",MEDIUM_CONFIDENCE,77.294815,Wednesday,55.040000000000006
211,2020-10-14,WALKING,791.0,HIGH,84.73532199859619,Kennedy Apartments,"121 E Boone Ave
Spokane, WA 99202
USA",MEDIUM_CONFIDENCE,39.790974,Wednesday,55.040000000000006
212,2020-10-14,WALKING,791.0,HIGH,84.73532199859619,Gonzaga University,"502 E Boone Ave
Spokane, WA 99258
USA",MEDIUM_CONFIDENCE,86.13089,Wednesday,55.040000000000006
213,2020-10-14,WALKING,791.0,HIGH,84.73532199859619,Kennedy Apartments,"121 E Boone Ave
Spokane, WA 99202
USA",MEDIUM_CONFIDENCE,49.642258,Wednesday,55.040000000000006
214,2020-10-14,WALKING,633.0,HIGH,82.6431930065155,117 E Boone Ave,"117 E Boone Ave
Spokane, WA 99202
USA",MEDIUM_CONFIDENCE,32.14961,Wednesday,55.040000000000006
215,2020-10-14,WALKING,633.0,HIGH,82.6431930065155,Kennedy Apartments,"121 E Boone Ave
Spokane, WA 99202
USA",MEDIUM_CONFIDENCE,54.5587,Wednesday,55.040000000000006
216,2020-10-14,WALKING,633.0,HIGH,82.6431930065155,Gonzaga University,"502 E Boone Ave
Spokane, WA 99258
USA",MEDIUM_CONFIDENCE,77.294815,Wednesday,55.040000000000006
217,2020-10-14,WALKING,633.0,HIGH,82.6431930065155,Kennedy Apartments,"121 E Boone Ave
Spokane, WA 99202
USA",MEDIUM_CONFIDENCE,39.790974,Wednesday,55.040000000000006
218,2020-10-14,WALKING,633.0,HIGH,82.6431930065155,Gonzaga University,"502 E Boone Ave
Spokane, WA 99258
USA",MEDIUM_CONFIDENCE,86.13089,Wednesday,55.040000000000006
219,2020-10-14,WALKING,633.0,HIGH,82.6431930065155,Kennedy Apartments,"121 E Boone Ave
Spokane, WA 99202
USA",MEDIUM_CONFIDENCE,49.642258,Wednesday,55.040000000000006
220,2020-10-15,WALKING,575.0,HIGH,85.92895269393921,Gonzaga University,"502 E Boone Ave
Spokane, WA 99258
USA",MEDIUM_CONFIDENCE,88.23485,Thursday,55.040000000000006
221,2020-10-15,WALKING,575.0,HIGH,85.92895269393921,Kennedy Apartments,"121 E Boone Ave
Spokane, WA 99202
USA",MEDIUM_CONFIDENCE,57.315815,Thursday,55.040000000000006
222,2020-10-15,WALKING,575.0,HIGH,85.92895269393921,Gonzaga University,"502 E Boone Ave
Spokane, WA 99258
USA",MEDIUM_CONFIDENCE,73.49236,Thursday,55.040000000000006
223,2020-10-15,WALKING,575.0,HIGH,85.92895269393921,Kennedy Apartments,"121 E Boone Ave
Spokane, WA 99202
USA",MEDIUM_CONFIDENCE,35.628765,Thursday,55.040000000000006
224,2020-10-15,WALKING,575.0,HIGH,85.92895269393921,Kennedy Apartments,"121 E Boone Ave
Spokane, WA 99202
USA",MEDIUM_CONFIDENCE,42.614265,Thursday,55.040000000000006
225,2020-10-15,WALKING,575.0,HIGH,85.92895269393921,Kennedy Apartments,"121 E Boone Ave
Spokane, WA 99202
USA",MEDIUM_CONFIDENCE,43.973114,Thursday,55.040000000000006
226,2020-10-15,WALKING,704.0,HIGH,90.06488919258118,Gonzaga University,"502 E Boone Ave
Spokane, WA 99258
USA",MEDIUM_CONFIDENCE,88.23485,Thursday,55.040000000000006
227,2020-10-15,WALKING,704.0,HIGH,90.06488919258118,Kennedy Apartments,"121 E Boone Ave
Spokane, WA 99202
USA",MEDIUM_CONFIDENCE,57.315815,Thursday,55.040000000000006
228,2020-10-15,WALKING,704.0,HIGH,90.06488919258118,Gonzaga University,"502 E Boone Ave
Spokane, WA 99258
USA",MEDIUM_CONFIDENCE,73.49236,Thursday,55.040000000000006
229,2020-10-15,WALKING,704.0,HIGH,90.06488919258118,Kennedy Apartments,"121 E Boone Ave
Spokane, WA 99202
USA",MEDIUM_CONFIDENCE,35.628765,Thursday,55.040000000000006
230,2020-10-15,WALKING,704.0,HIGH,90.06488919258118,Kennedy Apartments,"121 E Boone Ave
Spokane, WA 99202
USA",MEDIUM_CONFIDENCE,42.614265,Thursday,55.040000000000006
231,2020-10-15,WALKING,704.0,HIGH,90.06488919258118,Kennedy Apartments,"121 E Boone Ave
Spokane, WA 99202
USA",MEDIUM_CONFIDENCE,43.973114,Thursday,55.040000000000006
232,2020-10-15,WALKING,457.0,HIGH,80.11336922645569,Gonzaga University,"502 E Boone Ave
Spokane, WA 99258
USA",MEDIUM_CONFIDENCE,88.23485,Thursday,55.040000000000006
233,2020-10-15,WALKING,457.0,HIGH,80.11336922645569,Kennedy Apartments,"121 E Boone Ave
Spokane, WA 99202
USA",MEDIUM_CONFIDENCE,57.315815,Thursday,55.040000000000006
234,2020-10-15,WALKING,457.0,HIGH,80.11336922645569,Gonzaga University,"502 E Boone Ave
Spokane, WA 99258
USA",MEDIUM_CONFIDENCE,73.49236,Thursday,55.040000000000006
235,2020-10-15,WALKING,457.0,HIGH,80.11336922645569,Kennedy Apartments,"121 E Boone Ave
Spokane, WA 99202
USA",MEDIUM_CONFIDENCE,35.628765,Thursday,55.040000000000006
236,2020-10-15,WALKING,457.0,HIGH,80.11336922645569,Kennedy Apartments,"121 E Boone Ave
Spokane, WA 99202
USA",MEDIUM_CONFIDENCE,42.614265,Thursday,55.040000000000006
237,2020-10-15,WALKING,457.0,HIGH,80.11336922645569,Kennedy Apartments,"121 E Boone Ave
Spokane, WA 99202
USA",MEDIUM_CONFIDENCE,43.973114,Thursday,55.040000000000006
238,2020-10-15,WALKING,452.0,HIGH,88.39859962463379,Gonzaga University,"502 E Boone Ave
Spokane, WA 99258
USA",MEDIUM_CONFIDENCE,88.23485,Thursday,55.040000000000006
239,2020-10-15,WALKING,452.0,HIGH,88.39859962463379,Kennedy Apartments,"121 E Boone Ave
Spokane, WA 99202
USA",MEDIUM_CONFIDENCE,57.315815,Thursday,55.040000000000006
240,2020-10-15,WALKING,452.0,HIGH,88.39859962463379,Gonzaga University,"502 E Boone Ave
Spokane, WA 99258
USA",MEDIUM_CONFIDENCE,73.49236,Thursday,55.040000000000006
241,2020-10-15,WALKING,452.0,HIGH,88.39859962463379,Kennedy Apartments,"121 E Boone Ave
Spokane, WA 99202
USA",MEDIUM_CONFIDENCE,35.628765,Thursday,55.040000000000006
242,2020-10-15,WALKING,452.0,HIGH,88.39859962463379,Kennedy Apartments,"121 E Boone Ave
Spokane, WA 99202
USA",MEDIUM_CONFIDENCE,42.614265,Thursday,55.040000000000006
243,2020-10-15,WALKING,452.0,HIGH,88.39859962463379,Kennedy Apartments,"121 E Boone Ave
Spokane, WA 99202
USA",MEDIUM_CONFIDENCE,43.973114,Thursday,55.040000000000006
244,2020-10-15,WALKING,1356.0,HIGH,85.05079746246338,Gonzaga University,"502 E Boone Ave
Spokane, WA 99258
USA",MEDIUM_CONFIDENCE,88.23485,Thursday,55.040000000000006
245,2020-10-15,WALKING,1356.0,HIGH,85.05079746246338,Kennedy Apartments,"121 E Boone Ave
Spokane, WA 99202
USA",MEDIUM_CONFIDENCE,57.315815,Thursday,55.040000000000006
246,2020-10-15,WALKING,1356.0,HIGH,85.05079746246338,Gonzaga University,"502 E Boone Ave
Spokane, WA 99258
USA",MEDIUM_CONFIDENCE,73.49236,Thursday,55.040000000000006
247,2020-10-15,WALKING,1356.0,HIGH,85.05079746246338,Kennedy Apartments,"121 E Boone Ave
Spokane, WA 99202
USA",MEDIUM_CONFIDENCE,35.628765,Thursday,55.040000000000006
248,2020-10-15,WALKING,1356.0,HIGH,85.05079746246338,Kennedy Apartments,"121 E Boone Ave
Spokane, WA 99202
USA",MEDIUM_CONFIDENCE,42.614265,Thursday,55.040000000000006
249,2020-10-15,WALKING,1356.0,HIGH,85.05079746246338,Kennedy Apartments,"121 E Boone Ave
Spokane, WA 99202
USA",MEDIUM_CONFIDENCE,43.973114,Thursday,55.040000000000006
250,2020-10-15,WALKING,384.0,LOW,46.53213024139404,Gonzaga University,"502 E Boone Ave
Spokane, WA 99258
USA",MEDIUM_CONFIDENCE,88.23485,Thursday,55.040000000000006
251,2020-10-15,WALKING,384.0,LOW,46.53213024139404,Kennedy Apartments,"121 E Boone Ave
Spokane, WA 99202
USA",MEDIUM_CONFIDENCE,57.315815,Thursday,55.040000000000006
252,2020-10-15,WALKING,384.0,LOW,46.53213024139404,Gonzaga University,"502 E Boone Ave
Spokane, WA 99258
USA",MEDIUM_CONFIDENCE,73.49236,Thursday,55.040000000000006
253,2020-10-15,WALKING,384.0,LOW,46.53213024139404,Kennedy Apartments,"121 E Boone Ave
Spokane, WA 99202
USA",MEDIUM_CONFIDENCE,35.628765,Thursday,55.040000000000006
254,2020-10-15,WALKING,384.0,LOW,46.53213024139404,Kennedy Apartments,"121 E Boone Ave
Spokane, WA 99202
USA",MEDIUM_CONFIDENCE,42.614265,Thursday,55.040000000000006
255,2020-10-15,WALKING,384.0,LOW,46.53213024139404,Kennedy Apartments,"121 E Boone Ave
Spokane, WA 99202
USA",MEDIUM_CONFIDENCE,43.973114,Thursday,55.040000000000006
256,2020-10-16,WALKING,683.0,HIGH,83.63075256347656,Gonzaga University,"502 E Boone Ave
Spokane, WA 99258
USA",MEDIUM_CONFIDENCE,78.71613,Friday,62.06
257,2020-10-16,WALKING,683.0,HIGH,83.63075256347656,Kennedy Apartments,"121 E Boone Ave
Spokane, WA 99202
USA",HIGH_CONFIDENCE,77.52029,Friday,62.06
258,2020-10-16,WALKING,683.0,HIGH,83.63075256347656,Gonzaga University,"502 E Boone Ave
Spokane, WA 99258
USA",MEDIUM_CONFIDENCE,58.127422,Friday,62.06
259,2020-10-16,WALKING,683.0,HIGH,83.63075256347656,Kennedy Apartments,"121 E Boone Ave
Spokane, WA 99202
USA",MEDIUM_CONFIDENCE,46.374695,Friday,62.06
260,2020-10-16,WALKING,683.0,HIGH,83.63075256347656,Nike Factory Store,"618 W Main Ave
Spokane, WA 99201
USA",MEDIUM_CONFIDENCE,93.518715,Friday,62.06
261,2020-10-16,WALKING,780.0,HIGH,79.46818470954895,Gonzaga University,"502 E Boone Ave
Spokane, WA 99258
USA",MEDIUM_CONFIDENCE,78.71613,Friday,62.06
262,2020-10-16,WALKING,780.0,HIGH,79.46818470954895,Kennedy Apartments,"121 E Boone Ave
Spokane, WA 99202
USA",HIGH_CONFIDENCE,77.52029,Friday,62.06
263,2020-10-16,WALKING,780.0,HIGH,79.46818470954895,Gonzaga University,"502 E Boone Ave
Spokane, WA 99258
USA",MEDIUM_CONFIDENCE,58.127422,Friday,62.06
264,2020-10-16,WALKING,780.0,HIGH,79.46818470954895,Kennedy Apartments,"121 E Boone Ave
Spokane, WA 99202
USA",MEDIUM_CONFIDENCE,46.374695,Friday,62.06
265,2020-10-16,WALKING,780.0,HIGH,79.46818470954895,Nike Factory Store,"618 W Main Ave
Spokane, WA 99201
USA",MEDIUM_CONFIDENCE,93.518715,Friday,62.06
266,2020-10-16,WALKING,552.0,HIGH,84.12224650382996,Gonzaga University,"502 E Boone Ave
Spokane, WA 99258
USA",MEDIUM_CONFIDENCE,78.71613,Friday,62.06
267,2020-10-16,WALKING,552.0,HIGH,84.12224650382996,Kennedy Apartments,"121 E Boone Ave
Spokane, WA 99202
USA",HIGH_CONFIDENCE,77.52029,Friday,62.06
268,2020-10-16,WALKING,552.0,HIGH,84.12224650382996,Gonzaga University,"502 E Boone Ave
Spokane, WA 99258
USA",MEDIUM_CONFIDENCE,58.127422,Friday,62.06
269,2020-10-16,WALKING,552.0,HIGH,84.12224650382996,Kennedy Apartments,"121 E Boone Ave
Spokane, WA 99202
USA",MEDIUM_CONFIDENCE,46.374695,Friday,62.06
270,2020-10-16,WALKING,552.0,HIGH,84.12224650382996,Nike Factory Store,"618 W Main Ave
Spokane, WA 99201
USA",MEDIUM_CONFIDENCE,93.518715,Friday,62.06
271,2020-10-16,WALKING,404.0,HIGH,89.59422707557678,Gonzaga University,"502 E Boone Ave
Spokane, WA 99258
USA",MEDIUM_CONFIDENCE,78.71613,Friday,62.06
272,2020-10-16,WALKING,404.0,HIGH,89.59422707557678,Kennedy Apartments,"121 E Boone Ave
Spokane, WA 99202
USA",HIGH_CONFIDENCE,77.52029,Friday,62.06
273,2020-10-16,WALKING,404.0,HIGH,89.59422707557678,Gonzaga University,"502 E Boone Ave
Spokane, WA 99258
USA",MEDIUM_CONFIDENCE,58.127422,Friday,62.06
274,2020-10-16,WALKING,404.0,HIGH,89.59422707557678,Kennedy Apartments,"121 E Boone Ave
Spokane, WA 99202
USA",MEDIUM_CONFIDENCE,46.374695,Friday,62.06
275,2020-10-16,WALKING,404.0,HIGH,89.59422707557678,Nike Factory Store,"618 W Main Ave
Spokane, WA 99201
USA",MEDIUM_CONFIDENCE,93.518715,Friday,62.06
276,2020-10-16,WALKING,1459.0,MEDIUM,64.81034755706787,Gonzaga University,"502 E Boone Ave
Spokane, WA 99258
USA",MEDIUM_CONFIDENCE,78.71613,Friday,62.06
277,2020-10-16,WALKING,1459.0,MEDIUM,64.81034755706787,Kennedy Apartments,"121 E Boone Ave
Spokane, WA 99202
USA",HIGH_CONFIDENCE,77.52029,Friday,62.06
278,2020-10-16,WALKING,1459.0,MEDIUM,64.81034755706787,Gonzaga University,"502 E Boone Ave
Spokane, WA 99258
USA",MEDIUM_CONFIDENCE,58.127422,Friday,62.06
279,2020-10-16,WALKING,1459.0,MEDIUM,64.81034755706787,Kennedy Apartments,"121 E Boone Ave
Spokane, WA 99202
USA",MEDIUM_CONFIDENCE,46.374695,Friday,62.06
280,2020-10-16,WALKING,1459.0,MEDIUM,64.81034755706787,Nike Factory Store,"618 W Main Ave
Spokane, WA 99201
USA",MEDIUM_CONFIDENCE,93.518715,Friday,62.06
281,2020-10-17,WALKING,1718.0,HIGH,85.8944833278656,Kennedy Apartments,"121 E Boone Ave
Spokane, WA 99202
USA",HIGH_CONFIDENCE,76.41778,Saturday,57.92
282,2020-10-17,WALKING,1718.0,HIGH,85.8944833278656,Kennedy Apartments,"121 E Boone Ave
Spokane, WA 99202
USA",MEDIUM_CONFIDENCE,48.687992,Saturday,57.92
283,2020-10-17,WALKING,1718.0,HIGH,85.8944833278656,Gonzaga University,"502 E Boone Ave
Spokane, WA 99258
USA",MEDIUM_CONFIDENCE,83.85202,Saturday,57.92
284,2020-10-17,WALKING,1718.0,HIGH,85.8944833278656,Kennedy Apartments,"121 E Boone Ave
Spokane, WA 99202
USA",MEDIUM_CONFIDENCE,46.995075,Saturday,57.92
285,2020-10-17,WALKING,1795.0,HIGH,78.01856398582458,Kennedy Apartments,"121 E Boone Ave
Spokane, WA 99202
USA",HIGH_CONFIDENCE,76.41778,Saturday,57.92
286,2020-10-17,WALKING,1795.0,HIGH,78.01856398582458,Kennedy Apartments,"121 E Boone Ave
Spokane, WA 99202
USA",MEDIUM_CONFIDENCE,48.687992,Saturday,57.92
287,2020-10-17,WALKING,1795.0,HIGH,78.01856398582458,Gonzaga University,"502 E Boone Ave
Spokane, WA 99258
USA",MEDIUM_CONFIDENCE,83.85202,Saturday,57.92
288,2020-10-17,WALKING,1795.0,HIGH,78.01856398582458,Kennedy Apartments,"121 E Boone Ave
Spokane, WA 99202
USA",MEDIUM_CONFIDENCE,46.995075,Saturday,57.92
289,2020-10-17,WALKING,755.0,MEDIUM,74.55901503562927,Kennedy Apartments,"121 E Boone Ave
Spokane, WA 99202
USA",HIGH_CONFIDENCE,76.41778,Saturday,57.92
290,2020-10-17,WALKING,755.0,MEDIUM,74.55901503562927,Kennedy Apartments,"121 E Boone Ave
Spokane, WA 99202
USA",MEDIUM_CONFIDENCE,48.687992,Saturday,57.92
291,2020-10-17,WALKING,755.0,MEDIUM,74.55901503562927,Gonzaga University,"502 E Boone Ave
Spokane, WA 99258
USA",MEDIUM_CONFIDENCE,83.85202,Saturday,57.92
292,2020-10-17,WALKING,755.0,MEDIUM,74.55901503562927,Kennedy Apartments,"121 E Boone Ave
Spokane, WA 99202
USA",MEDIUM_CONFIDENCE,46.995075,Saturday,57.92
293,2020-10-17,WALKING,785.0,HIGH,88.36175203323364,Kennedy Apartments,"121 E Boone Ave
Spokane, WA 99202
USA",HIGH_CONFIDENCE,76.41778,Saturday,57.92
294,2020-10-17,WALKING,785.0,HIGH,88.36175203323364,Kennedy Apartments,"121 E Boone Ave
Spokane, WA 99202
USA",MEDIUM_CONFIDENCE,48.687992,Saturday,57.92
295,2020-10-17,WALKING,785.0,HIGH,88.36175203323364,Gonzaga University,"502 E Boone Ave
Spokane, WA 99258
USA",MEDIUM_CONFIDENCE,83.85202,Saturday,57.92
296,2020-10-17,WALKING,785.0,HIGH,88.36175203323364,Kennedy Apartments,"121 E Boone Ave
Spokane, WA 99202
USA",MEDIUM_CONFIDENCE,46.995075,Saturday,57.92
